{"Fid":"cJTWW2UgSPm4VAEy-r31Qq","Status":3,"AuthToken":"eyJhbGciOiJFUzI1NiIsInR5cCI6IkpXVCJ9.eyJhcHBJZCI6IjE6MzE2MzA3OTIxNzA0OmFuZHJvaWQ6MWQ0NzU3MjQ4MDVlYzI4ZTVhOGUxZCIsImV4cCI6MTc2MTcxNjY1NSwiZmlkIjoiY0pUV1cyVWdTUG00VkFFeS1yMzFRcSIsInByb2plY3ROdW1iZXIiOjMxNjMwNzkyMTcwNH0.AB2LPV8wRAIgfHkVR7E1qg1057JdaJcwSgt_2IguPz5OvPKu-1OW5HQCIF6aFhfTxSjOAV0zecqwDe7jQNWtuVO4KwxkVa9IP0IH","RefreshToken":"3_AS3qfwJDUX4m7GuoUYaxZCP1uMIVpnm5lxbaD_tJKjVp3zTU5re3OvdPqFVhqDqGpjdcFEP-zMA-dzb2C3D8aPPPe4rpv5T-4j8inl5RqjUOIDQ","TokenCreationEpochInSecs":1761111855,"ExpiresInSecs":604800}