<?xml version='1.0' encoding='utf-8' standalone='yes' ?>
<map>
    <long name="first_open_time" value="1758286428690" />
    <string name="gmp_app_id">1:316307921704:android:1d475724805ec28e5a8e1d</string>
    <string name="app_instance_id">8af5f4e375d53f72bc1417b098466890</string>
    <long name="session_id" value="1758286429" />
    <boolean name="app_backgrounded" value="true" />
    <long name="health_monitor:start" value="1758286429668" />
    <boolean name="use_service" value="true" />
    <boolean name="deferred_analytics_collection" value="false" />
    <string name="previous_os_version">13</string>
    <boolean name="has_been_opened" value="true" />
    <boolean name="allow_remote_dynamite" value="true" />
    <long name="last_pause_time" value="1758286656656" />
    <boolean name="start_new_session" value="false" />
</map>
