{"Fid":"eJrCqWwQQOCIJ5bYhwH5Ut","Status":3,"AuthToken":"eyJhbGciOiJFUzI1NiIsInR5cCI6IkpXVCJ9.eyJhcHBJZCI6IjE6MzE2MzA3OTIxNzA0OmFuZHJvaWQ6MWQ0NzU3MjQ4MDVlYzI4ZTVhOGUxZCIsImV4cCI6MTc1ODg5MTIzMSwiZmlkIjoiZUpyQ3FXd1FRT0NJSjViWWh3SDVVdCIsInByb2plY3ROdW1iZXIiOjMxNjMwNzkyMTcwNH0.AB2LPV8wRAIgWjDqw6zZmxi09xIaDGnAiiwR5_rXf3-l2RaJ1obiwi0CIEZfPMnr9GuvV2ZcYa7GFMLCh5Xk6PvUETnEdetHhzWZ","RefreshToken":"3_AS3qfwIm-W0V-6Qb5t_ZsOHZlOZw61HArLX8srj_kBy_nZ689BfvUVMi2bGPrj4cUZjAuOG7NluR_7hMKWTq81ogptO_SQACtLUaY86VhXukfw","TokenCreationEpochInSecs":1758286431,"ExpiresInSecs":604800}