<?xml version='1.0' encoding='utf-8' standalone='yes' ?>
<map>
    <long name="first_open_time" value="1761111853421" />
    <string name="gmp_app_id">1:316307921704:android:1d475724805ec28e5a8e1d</string>
    <string name="app_instance_id">8fd74286a58a5005285faba787818323</string>
    <long name="session_id" value="1761111853" />
    <boolean name="app_backgrounded" value="true" />
    <long name="health_monitor:start" value="1761111853879" />
    <boolean name="use_service" value="true" />
    <boolean name="deferred_analytics_collection" value="false" />
    <string name="previous_os_version">13</string>
    <boolean name="has_been_opened" value="true" />
    <boolean name="allow_remote_dynamite" value="true" />
    <long name="last_pause_time" value="1761112093636" />
    <boolean name="start_new_session" value="false" />
</map>
