<?xml version='1.0' encoding='utf-8' standalone='yes' ?>
<map>
    <long name="fire-count" value="1" />
    <string name="last-used-date">2025-10-22</string>
    <long name="fire-global" value="1761111853463" />
    <set name="fire-installations/18.0.0 fire-transport/18.2.0 fire-auth/23.0.0 device-brand/Redmi android-min-sdk/23 fire-rc/22.0.0 device-model/spes fire-abt/21.1.1 fire-android/33 fire-core/21.0.0 fire-core-ktx/21.0.0 android-installer/com.google.android.packageinstaller fire-analytics/22.0.2 fire-fst/25.0.0 android-platform/ kotlin/1.9.10 fire-fcm/24.0.0 android-target-sdk/35 device-name/spes_global">
        <string>2025-10-22</string>
    </set>
</map>
